<PAMDataset>
  <Metadata domain="Esri">
    <MDI key="PyramidResamplingType">NEAREST</MDI>
  </Metadata>
  <PAMRasterBand band="1">
    <Description>re_luc30</Description>
    <NoDataValue>-1.28000000000000E+002</NoDataValue>
    <Histograms>
      <HistItem>
        <HistMin>10.5</HistMin>
        <HistMax>99.5</HistMax>
        <BucketCount>89</BucketCount>
        <IncludeOutOfRange>1</IncludeOutOfRange>
        <Approximate>0</Approximate>
        <HistCounts>243873|48579399|0|0|0|0|0|0|0|0|6525725|10780208|0|0|0|0|0|0|0|0|23031158|0|0|0|0|0|0|0|0|0|1541307|0|0|0|0|695366|0|0|0|0|3205790|7851314|1483974|0|0|0|0|0|0|0|240787|0|0|201968|0|0|0|0|0|0|0|0|0|0|0|0|0|0|0|0|0|0|0|0|0|0|0|0|0|0|0|0|0|0|0|0|0|0|11</HistCounts>
      </HistItem>
    </Histograms>
    <Metadata>
      <MDI key="STATISTICS_SKIPFACTORX">1</MDI>
      <MDI key="STATISTICS_SKIPFACTORY">1</MDI>
    </Metadata>
  </PAMRasterBand>
</PAMDataset>
